# link_name	path	kind	feature	page	status	updated	title	aliases	links_out	code_refs
# generated by wiki-index.sh from business-docs/wiki — derived, do not hand-edit
README	business-docs/wiki/README.md	root					Wine Cellar MCP wiki		authentication-index,authorization-index,cellar-index,divergences,glossary,mcp-protocol,mvp-spec,preferences-index,recommendation-engine-index,reviews-index,security,token-administration-index,user-administration-index,wine-catalog-index	
0001-the-wiki-is-the-source-of-truth	business-docs/wiki/decisions/0001-the-wiki-is-the-source-of-truth.md	decision			accepted	2026-08-29	ADR-0001 — The wiki is the source of truth; other formats are derived	ADR-0001	authentication-index,authorization-index,cellar-index,preferences-index,recommendation-engine-index,reviews-index,token-administration-index,user-administration-index,wine-catalog-index	
0002-no-openapi-for-an-mcp-surface	business-docs/wiki/decisions/0002-no-openapi-for-an-mcp-surface.md	decision			accepted	2026-08-29	ADR-0002 — No OpenAPI document for an MCP surface	ADR-0002	cellar-index,preferences-index,recommendation-engine-index,reviews-index,token-administration-index,user-administration-index,wine-catalog-index	
0003-bearer-tokens-not-oauth-for-the-mvp	business-docs/wiki/decisions/0003-bearer-tokens-not-oauth-for-the-mvp.md	decision			accepted	2026-08-29	ADR-0003 — Static bearer tokens for the MVP, OAuth 2.1 as the upgrade path	ADR-0003	authentication-index,security,token-administration-index	
0004-a-deterministic-rule-based-engine	business-docs/wiki/decisions/0004-a-deterministic-rule-based-engine.md	decision			accepted	2026-08-29	ADR-0004 — The recommendation engine is deterministic and rule-based	ADR-0004	0005-every-point-of-score-maps-to-a-reason,recommendation-engine-index	
0005-every-point-of-score-maps-to-a-reason	business-docs/wiki/decisions/0005-every-point-of-score-maps-to-a-reason.md	decision			accepted	2026-08-29	ADR-0005 — Every point of score maps to a reason string	ADR-0005	recommendation-engine-index	
0006-missing-data-never-penalizes	business-docs/wiki/decisions/0006-missing-data-never-penalizes.md	decision			accepted	2026-08-29	ADR-0006 — Missing data never penalizes a wine	ADR-0006	recommendation-engine-index,wine-catalog-index	
0007-upsert-fills-blanks-and-never-overwrites	business-docs/wiki/decisions/0007-upsert-fills-blanks-and-never-overwrites.md	decision			accepted	2026-08-29	ADR-0007 — `wine_upsert` fills blanks and never overwrites	ADR-0007	wine-catalog-index	
0008-wine-and-cellar-item-are-separate	business-docs/wiki/decisions/0008-wine-and-cellar-item-are-separate.md	decision			accepted	2026-08-29	ADR-0008 — A wine and a cellar item are separate entities	ADR-0008	0007-upsert-fills-blanks-and-never-overwrites,cellar-index,wine-catalog-index	
0009-vision-happens-client-side	business-docs/wiki/decisions/0009-vision-happens-client-side.md	decision			accepted	2026-08-29	ADR-0009 — Vision happens client-side; the server never sees images	ADR-0009	0007-upsert-fills-blanks-and-never-overwrites,wine-catalog-index	
0010-two-layer-permission-enforcement	business-docs/wiki/decisions/0010-two-layer-permission-enforcement.md	decision			accepted	2026-08-29	ADR-0010 — Permission enforcement has two layers, and only one is the boundary	ADR-0010	0011-a-missing-permission-is-a-type-error,authorization-index,security	
0011-a-missing-permission-is-a-type-error	business-docs/wiki/decisions/0011-a-missing-permission-is-a-type-error.md	decision			accepted	2026-08-29	ADR-0011 — A tool without a declared permission is a compile error	ADR-0011	0010-two-layer-permission-enforcement,authorization-index	
0012-only-the-token-hash-is-stored	business-docs/wiki/decisions/0012-only-the-token-hash-is-stored.md	decision			accepted	2026-08-29	ADR-0012 — Only the token hash is stored; plaintext is returned exactly once	ADR-0012	0003-bearer-tokens-not-oauth-for-the-mvp,authentication-index,security,token-administration-index	
0013-the-first-admin-is-seeded-by-script	business-docs/wiki/decisions/0013-the-first-admin-is-seeded-by-script.md	decision			accepted	2026-08-29	ADR-0013 — The first admin is seeded by a script, not created through a tool	ADR-0013	authentication-index,user-administration-index	
0014-repurpose-this-repository	business-docs/wiki/decisions/0014-repurpose-this-repository.md	decision			accepted	2026-08-29	ADR-0014 — Repurpose this repository rather than start a new one	ADR-0014	divergences,wine-catalog-index	
0015-closed-enumerations-are-database-types	business-docs/wiki/decisions/0015-closed-enumerations-are-database-types.md	decision			accepted	2026-08-29	ADR-0015 — Closed enumerations are database types, and the palate scale is one type	ADR-0015	0006-missing-data-never-penalizes,authorization-decisions,authorization-index,cellar-index,data-types,divergences,mvp-spec,preferences-index,recommendation-engine-index,user-administration-index,wine-catalog-index	
0016-nv-is-a-value-in-the-wine-identity-key	business-docs/wiki/decisions/0016-nv-is-a-value-in-the-wine-identity-key.md	decision			accepted	2026-08-29	ADR-0016 — A non-vintage wine has no vintage, and the identity key treats that as a value	ADR-0016	0007-upsert-fills-blanks-and-never-overwrites,mvp-spec,wine-catalog-index	
0017-deletion-is-a-status-and-email-is-unique-among-the-living	business-docs/wiki/decisions/0017-deletion-is-a-status-and-email-is-unique-among-the-living.md	decision			accepted	2026-08-29	ADR-0017 — Deletion is a status, and an email is unique only among living accounts	ADR-0017	0015-closed-enumerations-are-database-types,authentication-index,divergences,mvp-spec,user-administration-index	
0018-token-identity-is-constrained-in-the-database	business-docs/wiki/decisions/0018-token-identity-is-constrained-in-the-database.md	decision			accepted	2026-08-29	ADR-0018 — A token hash is unique, a live label is unique per user, and `scopes` is never empty	ADR-0018	0012-only-the-token-hash-is-stored,authentication-index,authorization-decisions,authorization-index,divergences,mvp-spec,security,token-administration-index	
0019-bottles-are-held-as-lots	business-docs/wiki/decisions/0019-bottles-are-held-as-lots.md	decision			accepted	2026-08-29	ADR-0019 — Bottles are held as lots, and stock is `status = 'in_cellar'`	ADR-0019	0008-wine-and-cellar-item-are-separate,cellar-api,cellar-index,divergences,mvp-spec,reviews-index	
0020-bounds-are-enforced-in-the-database-too	business-docs/wiki/decisions/0020-bounds-are-enforced-in-the-database-too.md	decision			accepted	2026-08-29	ADR-0020 — Bounds are enforced in the database as well as in the tool schema	ADR-0020	0007-upsert-fills-blanks-and-never-overwrites,cellar-index,data-types,divergences,mvp-spec,preferences-index,reviews-index,user-administration-index,wine-catalog-index	
0021-wine-search-is-full-text-plus-trigram	business-docs/wiki/decisions/0021-wine-search-is-full-text-plus-trigram.md	decision			accepted	2026-08-29	ADR-0021 — `wine_search` matches on a stored tsvector plus trigram indexes, always parameterized	ADR-0021	0004-a-deterministic-rule-based-engine,0007-upsert-fills-blanks-and-never-overwrites,0020-bounds-are-enforced-in-the-database-too,divergences,mvp-spec,recommendation-engine-index,security,wine-catalog-api,wine-catalog-decisions,wine-catalog-index	
0022-oauth-alongside-bearer-tokens	business-docs/wiki/decisions/0022-oauth-alongside-bearer-tokens.md	decision			accepted	2026-08-29	ADR-0022 — OAuth 2.1 runs alongside bearer tokens, not instead of them	ADR-0022	0003-bearer-tokens-not-oauth-for-the-mvp,0010-two-layer-permission-enforcement,authentication-index,authorization-index,mvp-spec,security,token-administration-index	
authentication-api	business-docs/wiki/features/authentication/api.md	feature	authentication	api	stub	2026-08-29	Authentication — API		0002-no-openapi-for-an-mcp-surface,0003-bearer-tokens-not-oauth-for-the-mvp,0012-only-the-token-hash-is-stored,audit-logging,authentication-errors,authorization-index,mcp-protocol,security,token-administration-index	business-docs/wiki/shared/mvp-spec.md:398
authentication-copy	business-docs/wiki/features/authentication/copy.md	feature	authentication	copy	stub	2026-08-29	Authentication — copy		0012-only-the-token-hash-is-stored,authentication-errors,authentication-flow,authentication-states,authorization-index,divergences,token-administration-index	business-docs/wiki/shared/mvp-spec.md:153
authentication-decisions	business-docs/wiki/features/authentication/decisions.md	feature	authentication	decisions	stub	2026-08-29	Authentication — decisions		0002-no-openapi-for-an-mcp-surface,0003-bearer-tokens-not-oauth-for-the-mvp,0010-two-layer-permission-enforcement,0011-a-missing-permission-is-a-type-error,0012-only-the-token-hash-is-stored,0013-the-first-admin-is-seeded-by-script,0017-deletion-is-a-status-and-email-is-unique-among-the-living,0018-token-identity-is-constrained-in-the-database,0022-oauth-alongside-bearer-tokens,audit-logging,authentication-api,authentication-errors,authentication-flow,authentication-states,authorization-index,divergences,mvp-spec,security	
authentication-errors	business-docs/wiki/features/authentication/errors.md	feature	authentication	errors	stub	2026-08-29	Authentication — errors		0013-the-first-admin-is-seeded-by-script,audit-logging,authorization-index,divergences,error-codes,mvp-spec,token-administration-index,user-administration-index	business-docs/wiki/shared/mvp-spec.md:156
authentication-flow	business-docs/wiki/features/authentication/flow.md	feature	authentication	flow	stub	2026-08-29	Authentication — flow		0003-bearer-tokens-not-oauth-for-the-mvp,0012-only-the-token-hash-is-stored,0013-the-first-admin-is-seeded-by-script,audit-logging,authentication-errors,authorization-index,divergences,security,token-administration-index	business-docs/wiki/shared/mvp-spec.md:341
authentication-index	business-docs/wiki/features/authentication/index.md	feature	authentication	index	stub	2026-08-29	Authentication	authentication	0012-only-the-token-hash-is-stored,0013-the-first-admin-is-seeded-by-script,0017-deletion-is-a-status-and-email-is-unique-among-the-living,0018-token-identity-is-constrained-in-the-database,0022-oauth-alongside-bearer-tokens,authentication-api,authentication-copy,authentication-decisions,authentication-errors,authentication-flow,authentication-related,authentication-screens,authentication-states,authentication-validations,authorization-index,divergences,mvp-spec,token-administration-index,user-administration-index	business-docs/wiki/shared/mvp-spec.md:325
authentication-related	business-docs/wiki/features/authentication/related.md	feature	authentication	related	stub	2026-08-29	Authentication — related		audit-logging,authentication-errors,authorization-index,cellar-index,data-types,divergences,error-codes,glossary,mcp-protocol,preferences-index,recommendation-engine-index,reviews-index,security,token-administration-index,user-administration-index,wine-catalog-index	
authentication-screens	business-docs/wiki/features/authentication/screens.md	feature	authentication	screens	stub	2026-08-29	Authentication — screens		0012-only-the-token-hash-is-stored,authentication-copy,authentication-errors,token-administration-index	business-docs/wiki/shared/mvp-spec.md:395
authentication-states	business-docs/wiki/features/authentication/states.md	feature	authentication	states	stub	2026-08-29	Authentication — states		0003-bearer-tokens-not-oauth-for-the-mvp,0013-the-first-admin-is-seeded-by-script,authentication-flow,divergences,security,token-administration-index,user-administration-index	business-docs/wiki/shared/mvp-spec.md:70
authentication-validations	business-docs/wiki/features/authentication/validations.md	feature	authentication	validations	stub	2026-08-29	Authentication — validations		0003-bearer-tokens-not-oauth-for-the-mvp,audit-logging,authentication-errors,token-administration-index	business-docs/wiki/shared/mvp-spec.md:343
authorization-api	business-docs/wiki/features/authorization/api.md	feature	authorization	api	stub	2026-08-29	Authorization — API		0002-no-openapi-for-an-mcp-surface,0003-bearer-tokens-not-oauth-for-the-mvp,0010-two-layer-permission-enforcement,0011-a-missing-permission-is-a-type-error,audit-logging,authentication-index,authorization-copy,authorization-errors,authorization-index,authorization-validations,cellar-index,divergences,error-codes,mcp-protocol,preferences-index,recommendation-engine-index,reviews-index,token-administration-index,user-administration-index,wine-catalog-index	business-docs/wiki/shared/mvp-spec.md:144,business-docs/wiki/shared/mvp-spec.md:166
authorization-copy	business-docs/wiki/features/authorization/copy.md	feature	authorization	copy	stub	2026-08-29	Authorization — copy		0010-two-layer-permission-enforcement,0011-a-missing-permission-is-a-type-error,authentication-index,authorization-states,divergences	business-docs/wiki/shared/mvp-spec.md:153
authorization-decisions	business-docs/wiki/features/authorization/decisions.md	feature	authorization	decisions	stub	2026-08-29	Authorization — decisions		0002-no-openapi-for-an-mcp-surface,0003-bearer-tokens-not-oauth-for-the-mvp,0010-two-layer-permission-enforcement,0011-a-missing-permission-is-a-type-error,0012-only-the-token-hash-is-stored,0015-closed-enumerations-are-database-types,0018-token-identity-is-constrained-in-the-database,0022-oauth-alongside-bearer-tokens,audit-logging,authorization-api,authorization-index,authorization-validations,mcp-protocol,mvp-spec,token-administration-index	
authorization-errors	business-docs/wiki/features/authorization/errors.md	feature	authorization	errors	stub	2026-08-29	Authorization — errors		audit-logging,authentication-index,authorization-copy,authorization-validations,divergences,error-codes,mcp-protocol	business-docs/wiki/shared/mvp-spec.md:153,business-docs/wiki/shared/mvp-spec.md:156
authorization-flow	business-docs/wiki/features/authorization/flow.md	feature	authorization	flow	stub	2026-08-29	Authorization — flow		0010-two-layer-permission-enforcement,audit-logging,authentication-index,authorization-errors,authorization-validations,security	business-docs/wiki/shared/mvp-spec.md:144,business-docs/wiki/shared/mvp-spec.md:341
authorization-index	business-docs/wiki/features/authorization/index.md	feature	authorization	index	stub	2026-08-29	Authorization	authorization	0011-a-missing-permission-is-a-type-error,0015-closed-enumerations-are-database-types,0018-token-identity-is-constrained-in-the-database,0022-oauth-alongside-bearer-tokens,authentication-index,authorization-api,authorization-copy,authorization-decisions,authorization-errors,authorization-flow,authorization-related,authorization-screens,authorization-states,authorization-validations,divergences,security,token-administration-index,user-administration-index	business-docs/wiki/shared/mvp-spec.md:110,business-docs/wiki/shared/mvp-spec.md:124,business-docs/wiki/shared/mvp-spec.md:144
authorization-related	business-docs/wiki/features/authorization/related.md	feature	authorization	related	stub	2026-08-29	Authorization — related		0011-a-missing-permission-is-a-type-error,audit-logging,authentication-index,authorization-api,authorization-decisions,authorization-errors,authorization-validations,cellar-index,data-types,divergences,error-codes,glossary,mcp-protocol,preferences-index,recommendation-engine-index,reviews-index,security,token-administration-index,user-administration-index,wine-catalog-index	
authorization-screens	business-docs/wiki/features/authorization/screens.md	feature	authorization	screens	stub	2026-08-29	Authorization — screens		mcp-protocol	business-docs/wiki/shared/mvp-spec.md:53,business-docs/wiki/shared/mvp-spec.md:144
authorization-states	business-docs/wiki/features/authorization/states.md	feature	authorization	states	stub	2026-08-29	Authorization — states		0011-a-missing-permission-is-a-type-error,authorization-validations,security,token-administration-index,user-administration-index	business-docs/wiki/shared/mvp-spec.md:341,business-docs/wiki/shared/mvp-spec.md:124
authorization-validations	business-docs/wiki/features/authorization/validations.md	feature	authorization	validations	stub	2026-08-29	Authorization — validations		0010-two-layer-permission-enforcement,0011-a-missing-permission-is-a-type-error,authorization-states,divergences,security,token-administration-index	business-docs/wiki/shared/mvp-spec.md:124,business-docs/wiki/shared/mvp-spec.md:161
cellar-api	business-docs/wiki/features/cellar/api.md	feature	cellar	api	stub	2026-08-29	Cellar — API		0002-no-openapi-for-an-mcp-surface,0007-upsert-fills-blanks-and-never-overwrites,cellar-errors,cellar-flow,cellar-states,cellar-validations,data-types,mcp-protocol	business-docs/wiki/shared/mvp-spec.md:193,business-docs/wiki/shared/mvp-spec.md:263
cellar-copy	business-docs/wiki/features/cellar/copy.md	feature	cellar	copy	stub	2026-08-29	Cellar — copy		authorization-index,cellar-states,mcp-protocol,recommendation-engine-index	business-docs/wiki/shared/mvp-spec.md:53,business-docs/wiki/shared/mvp-spec.md:153
cellar-decisions	business-docs/wiki/features/cellar/decisions.md	feature	cellar	decisions	stub	2026-08-29	Cellar — decisions		0001-the-wiki-is-the-source-of-truth,0002-no-openapi-for-an-mcp-surface,0004-a-deterministic-rule-based-engine,0006-missing-data-never-penalizes,0007-upsert-fills-blanks-and-never-overwrites,0008-wine-and-cellar-item-are-separate,0010-two-layer-permission-enforcement,0015-closed-enumerations-are-database-types,0019-bottles-are-held-as-lots,0020-bounds-are-enforced-in-the-database-too,cellar-api,cellar-errors,cellar-flow,cellar-states,mvp-spec,security	
cellar-errors	business-docs/wiki/features/cellar/errors.md	feature	cellar	errors	stub	2026-08-29	Cellar — errors		0007-upsert-fills-blanks-and-never-overwrites,authentication-index,authorization-index,cellar-validations,divergences,error-codes,security,token-administration-index,user-administration-index	business-docs/wiki/shared/mvp-spec.md:153,business-docs/wiki/shared/mvp-spec.md:343
cellar-flow	business-docs/wiki/features/cellar/flow.md	feature	cellar	flow	stub	2026-08-29	Cellar — flow		0007-upsert-fills-blanks-and-never-overwrites,0009-vision-happens-client-side,cellar-related,cellar-screens,cellar-states,mvp-spec,reviews-index,wine-catalog-index	business-docs/wiki/shared/mvp-spec.md:193,business-docs/wiki/shared/mvp-spec.md:418
cellar-index	business-docs/wiki/features/cellar/index.md	feature	cellar	index	stub	2026-08-29	Cellar	cellar	0008-wine-and-cellar-item-are-separate,0019-bottles-are-held-as-lots,0020-bounds-are-enforced-in-the-database-too,authorization-index,cellar-api,cellar-copy,cellar-decisions,cellar-errors,cellar-flow,cellar-related,cellar-screens,cellar-states,cellar-validations,divergences,mvp-spec,recommendation-engine-index,reviews-index,wine-catalog-index	business-docs/wiki/shared/mvp-spec.md:90,business-docs/wiki/shared/mvp-spec.md:193
cellar-related	business-docs/wiki/features/cellar/related.md	feature	cellar	related	stub	2026-08-29	Cellar — related		audit-logging,authentication-index,authorization-index,cellar-states,data-types,divergences,error-codes,glossary,mcp-protocol,preferences-index,recommendation-engine-index,reviews-index,security,token-administration-index,user-administration-index,wine-catalog-index	
cellar-screens	business-docs/wiki/features/cellar/screens.md	feature	cellar	screens	stub	2026-08-29	Cellar — screens		authorization-index,cellar-api,mcp-protocol	business-docs/wiki/shared/mvp-spec.md:53
cellar-states	business-docs/wiki/features/cellar/states.md	feature	cellar	states	stub	2026-08-29	Cellar — states		divergences,recommendation-engine-index,reviews-index,wine-catalog-index	business-docs/wiki/shared/mvp-spec.md:90,business-docs/wiki/shared/mvp-spec.md:198,business-docs/wiki/shared/mvp-spec.md:299
cellar-validations	business-docs/wiki/features/cellar/validations.md	feature	cellar	validations	stub	2026-08-29	Cellar — validations		0010-two-layer-permission-enforcement,cellar-states,data-types,divergences,security,wine-catalog-index	business-docs/wiki/shared/mvp-spec.md:350,business-docs/wiki/shared/mvp-spec.md:377
preferences-api	business-docs/wiki/features/preferences/api.md	feature	preferences	api	stub	2026-08-29	Preferences — API		0002-no-openapi-for-an-mcp-surface,0007-upsert-fills-blanks-and-never-overwrites,audit-logging,mcp-protocol,recommendation-engine-api,security	business-docs/wiki/shared/mvp-spec.md:212,business-docs/wiki/shared/mvp-spec.md:138
preferences-copy	business-docs/wiki/features/preferences/copy.md	feature	preferences	copy	stub	2026-08-29	Preferences — copy		0005-every-point-of-score-maps-to-a-reason,authorization-index,recommendation-engine-index	business-docs/wiki/shared/mvp-spec.md:277
preferences-decisions	business-docs/wiki/features/preferences/decisions.md	feature	preferences	decisions	stub	2026-08-29	Preferences — decisions		0002-no-openapi-for-an-mcp-surface,0003-bearer-tokens-not-oauth-for-the-mvp,0004-a-deterministic-rule-based-engine,0005-every-point-of-score-maps-to-a-reason,0006-missing-data-never-penalizes,0007-upsert-fills-blanks-and-never-overwrites,0010-two-layer-permission-enforcement,0015-closed-enumerations-are-database-types,0020-bounds-are-enforced-in-the-database-too,preferences-api	
preferences-errors	business-docs/wiki/features/preferences/errors.md	feature	preferences	errors	stub	2026-08-29	Preferences — errors		0006-missing-data-never-penalizes,authentication-index,divergences,error-codes,mvp-spec,preferences-index,preferences-validations,token-administration-index	business-docs/wiki/shared/mvp-spec.md:153,business-docs/wiki/shared/mvp-spec.md:157
preferences-flow	business-docs/wiki/features/preferences/flow.md	feature	preferences	flow	stub	2026-08-29	Preferences — flow		0004-a-deterministic-rule-based-engine,authentication-index,mvp-spec,preferences-index,preferences-states,recommendation-engine-index,reviews-index	business-docs/wiki/shared/mvp-spec.md:212,business-docs/wiki/shared/mvp-spec.md:296
preferences-index	business-docs/wiki/features/preferences/index.md	feature	preferences	index	stub	2026-08-29	Preferences	preferences	0004-a-deterministic-rule-based-engine,0015-closed-enumerations-are-database-types,0020-bounds-are-enforced-in-the-database-too,authentication-index,authorization-index,divergences,mvp-spec,preferences-api,preferences-copy,preferences-decisions,preferences-errors,preferences-flow,preferences-related,preferences-screens,preferences-states,preferences-validations,recommendation-engine-index,wine-catalog-index	business-docs/wiki/shared/mvp-spec.md:79,business-docs/wiki/shared/mvp-spec.md:212
preferences-related	business-docs/wiki/features/preferences/related.md	feature	preferences	related	stub	2026-08-29	Preferences — related		audit-logging,authentication-index,authorization-index,cellar-index,data-types,divergences,error-codes,glossary,mcp-protocol,recommendation-engine-index,reviews-index,security,token-administration-index,user-administration-index,wine-catalog-index	
preferences-screens	business-docs/wiki/features/preferences/screens.md	feature	preferences	screens	stub	2026-08-29	Preferences — screens		authorization-index,preferences-api	business-docs/wiki/shared/mvp-spec.md:53
preferences-states	business-docs/wiki/features/preferences/states.md	feature	preferences	states	stub	2026-08-29	Preferences — states		0006-missing-data-never-penalizes,preferences-index	business-docs/wiki/shared/mvp-spec.md:79,business-docs/wiki/shared/mvp-spec.md:300
preferences-validations	business-docs/wiki/features/preferences/validations.md	feature	preferences	validations	stub	2026-08-29	Preferences — validations		0010-two-layer-permission-enforcement,preferences-index	business-docs/wiki/shared/mvp-spec.md:377
recommendation-engine-api	business-docs/wiki/features/recommendation-engine/api.md	feature	recommendation-engine	api	stub	2026-08-29	Recommendation engine — API		0002-no-openapi-for-an-mcp-surface,0006-missing-data-never-penalizes,cellar-index,mcp-protocol,recommendation-engine-validations,security,wine-catalog-index	business-docs/wiki/shared/mvp-spec.md:251,business-docs/wiki/shared/mvp-spec.md:269
recommendation-engine-copy	business-docs/wiki/features/recommendation-engine/copy.md	feature	recommendation-engine	copy	stub	2026-08-29	Recommendation engine — copy		0005-every-point-of-score-maps-to-a-reason,divergences,mvp-spec,recommendation-engine-screens,recommendation-engine-states	business-docs/wiki/shared/mvp-spec.md:277,business-docs/wiki/shared/mvp-spec.md:287
recommendation-engine-decisions	business-docs/wiki/features/recommendation-engine/decisions.md	feature	recommendation-engine	decisions	stub	2026-08-29	Recommendation engine — decisions		0002-no-openapi-for-an-mcp-surface,0004-a-deterministic-rule-based-engine,0005-every-point-of-score-maps-to-a-reason,0006-missing-data-never-penalizes,0007-upsert-fills-blanks-and-never-overwrites,0008-wine-and-cellar-item-are-separate,0010-two-layer-permission-enforcement,0015-closed-enumerations-are-database-types,0021-wine-search-is-full-text-plus-trigram,authorization-index,divergences,mvp-spec,recommendation-engine-api,recommendation-engine-copy,recommendation-engine-states,wine-catalog-index	
recommendation-engine-errors	business-docs/wiki/features/recommendation-engine/errors.md	feature	recommendation-engine	errors	stub	2026-08-29	Recommendation engine — errors		0005-every-point-of-score-maps-to-a-reason,0006-missing-data-never-penalizes,authentication-index,authorization-index,divergences,error-codes,mvp-spec,recommendation-engine-states,recommendation-engine-validations,token-administration-index	business-docs/wiki/shared/mvp-spec.md:153,business-docs/wiki/shared/mvp-spec.md:343
recommendation-engine-flow	business-docs/wiki/features/recommendation-engine/flow.md	feature	recommendation-engine	flow	stub	2026-08-29	Recommendation engine — flow		0004-a-deterministic-rule-based-engine,0005-every-point-of-score-maps-to-a-reason,0006-missing-data-never-penalizes,authentication-index,authorization-index,divergences,preferences-index,recommendation-engine-errors	business-docs/wiki/shared/mvp-spec.md:292,business-docs/wiki/shared/mvp-spec.md:296,business-docs/wiki/shared/mvp-spec.md:304
recommendation-engine-index	business-docs/wiki/features/recommendation-engine/index.md	feature	recommendation-engine	index	stub	2026-08-29	Recommendation engine	recommendation-engine	0004-a-deterministic-rule-based-engine,0006-missing-data-never-penalizes,0015-closed-enumerations-are-database-types,0021-wine-search-is-full-text-plus-trigram,authorization-index,cellar-index,divergences,mvp-spec,preferences-index,recommendation-engine-api,recommendation-engine-copy,recommendation-engine-decisions,recommendation-engine-errors,recommendation-engine-flow,recommendation-engine-related,recommendation-engine-screens,recommendation-engine-states,recommendation-engine-validations,reviews-index,wine-catalog-index	business-docs/wiki/shared/mvp-spec.md:249,business-docs/wiki/shared/mvp-spec.md:292
recommendation-engine-related	business-docs/wiki/features/recommendation-engine/related.md	feature	recommendation-engine	related	stub	2026-08-29	Recommendation engine — related		0004-a-deterministic-rule-based-engine,0006-missing-data-never-penalizes,0010-two-layer-permission-enforcement,audit-logging,authentication-index,authorization-index,cellar-index,data-types,divergences,error-codes,glossary,mcp-protocol,preferences-index,recommendation-engine-copy,recommendation-engine-decisions,reviews-index,security,token-administration-index,user-administration-index,wine-catalog-index	
recommendation-engine-screens	business-docs/wiki/features/recommendation-engine/screens.md	feature	recommendation-engine	screens	stub	2026-08-29	Recommendation engine — screens		0005-every-point-of-score-maps-to-a-reason,mcp-protocol,recommendation-engine-api,recommendation-engine-copy	business-docs/wiki/shared/mvp-spec.md:53
recommendation-engine-states	business-docs/wiki/features/recommendation-engine/states.md	feature	recommendation-engine	states	stub	2026-08-29	Recommendation engine — states		0005-every-point-of-score-maps-to-a-reason,0006-missing-data-never-penalizes,recommendation-engine-flow	business-docs/wiki/shared/mvp-spec.md:304,business-docs/wiki/shared/mvp-spec.md:318
recommendation-engine-validations	business-docs/wiki/features/recommendation-engine/validations.md	feature	recommendation-engine	validations	stub	2026-08-29	Recommendation engine — validations		0010-two-layer-permission-enforcement,data-types,recommendation-engine-flow	business-docs/wiki/shared/mvp-spec.md:253,business-docs/wiki/shared/mvp-spec.md:377
reviews-api	business-docs/wiki/features/reviews/api.md	feature	reviews	api	stub	2026-08-29	Reviews — API		0002-no-openapi-for-an-mcp-surface,0005-every-point-of-score-maps-to-a-reason,divergences,mcp-protocol,mvp-spec,wine-catalog-index	business-docs/wiki/shared/mvp-spec.md:206,business-docs/wiki/shared/mvp-spec.md:209
reviews-copy	business-docs/wiki/features/reviews/copy.md	feature	reviews	copy	stub	2026-08-29	Reviews — copy		0005-every-point-of-score-maps-to-a-reason,reviews-screens,reviews-states	business-docs/wiki/shared/mvp-spec.md:278,business-docs/wiki/shared/mvp-spec.md:153
reviews-decisions	business-docs/wiki/features/reviews/decisions.md	feature	reviews	decisions	stub	2026-08-29	Reviews — decisions		0002-no-openapi-for-an-mcp-surface,0004-a-deterministic-rule-based-engine,0005-every-point-of-score-maps-to-a-reason,0008-wine-and-cellar-item-are-separate,0010-two-layer-permission-enforcement,0019-bottles-are-held-as-lots,0020-bounds-are-enforced-in-the-database-too,cellar-index,divergences,mvp-spec,reviews-api	
reviews-errors	business-docs/wiki/features/reviews/errors.md	feature	reviews	errors	stub	2026-08-29	Reviews — errors		0010-two-layer-permission-enforcement,divergences,error-codes,mcp-protocol,mvp-spec,reviews-copy,reviews-decisions,reviews-flow,reviews-validations,security,token-administration-index	business-docs/wiki/shared/mvp-spec.md:153,business-docs/wiki/shared/mvp-spec.md:157
reviews-flow	business-docs/wiki/features/reviews/flow.md	feature	reviews	flow	stub	2026-08-29	Reviews — flow		cellar-index,divergences,reviews-api,user-administration-index,wine-catalog-index	business-docs/wiki/shared/mvp-spec.md:206,business-docs/wiki/shared/mvp-spec.md:207
reviews-index	business-docs/wiki/features/reviews/index.md	feature	reviews	index	stub	2026-08-29	Reviews	reviews	0020-bounds-are-enforced-in-the-database-too,cellar-index,divergences,mvp-spec,recommendation-engine-index,reviews-api,reviews-copy,reviews-decisions,reviews-errors,reviews-flow,reviews-related,reviews-screens,reviews-states,reviews-validations,user-administration-index,wine-catalog-index	business-docs/wiki/shared/mvp-spec.md:94,business-docs/wiki/shared/mvp-spec.md:206,business-docs/wiki/shared/mvp-spec.md:310
reviews-related	business-docs/wiki/features/reviews/related.md	feature	reviews	related	stub	2026-08-29	Reviews — related		audit-logging,authentication-index,authorization-index,cellar-index,data-types,divergences,error-codes,glossary,mcp-protocol,preferences-index,recommendation-engine-index,reviews-api,reviews-decisions,security,token-administration-index,user-administration-index,wine-catalog-index	
reviews-screens	business-docs/wiki/features/reviews/screens.md	feature	reviews	screens	stub	2026-08-29	Reviews — screens		mcp-protocol,reviews-copy	business-docs/wiki/shared/mvp-spec.md:53
reviews-states	business-docs/wiki/features/reviews/states.md	feature	reviews	states	stub	2026-08-29	Reviews — states		divergences,recommendation-engine-index,wine-catalog-index	business-docs/wiki/shared/mvp-spec.md:94
reviews-validations	business-docs/wiki/features/reviews/validations.md	feature	reviews	validations	stub	2026-08-29	Reviews — validations		divergences,reviews-api	business-docs/wiki/shared/mvp-spec.md:94,business-docs/wiki/shared/mvp-spec.md:206
token-administration-api	business-docs/wiki/features/token-administration/api.md	feature	token-administration	api	stub	2026-08-29	Token administration — API		0002-no-openapi-for-an-mcp-surface,0003-bearer-tokens-not-oauth-for-the-mvp,0012-only-the-token-hash-is-stored,audit-logging,authentication-index,divergences,mcp-protocol,token-administration-states	business-docs/wiki/shared/mvp-spec.md:238
token-administration-copy	business-docs/wiki/features/token-administration/copy.md	feature	token-administration	copy	stub	2026-08-29	Token administration — copy		0011-a-missing-permission-is-a-type-error,0012-only-the-token-hash-is-stored,divergences,error-codes,mvp-spec,security,token-administration-screens	business-docs/wiki/shared/mvp-spec.md:240
token-administration-decisions	business-docs/wiki/features/token-administration/decisions.md	feature	token-administration	decisions	stub	2026-08-29	Token administration — decisions		0001-the-wiki-is-the-source-of-truth,0002-no-openapi-for-an-mcp-surface,0003-bearer-tokens-not-oauth-for-the-mvp,0010-two-layer-permission-enforcement,0011-a-missing-permission-is-a-type-error,0012-only-the-token-hash-is-stored,0018-token-identity-is-constrained-in-the-database,0022-oauth-alongside-bearer-tokens,audit-logging,authentication-index,authorization-index,divergences,security,token-administration-api,token-administration-states	
token-administration-errors	business-docs/wiki/features/token-administration/errors.md	feature	token-administration	errors	stub	2026-08-29	Token administration — errors		authentication-index,divergences,error-codes,security,token-administration-states,token-administration-validations	business-docs/wiki/shared/mvp-spec.md:153
token-administration-flow	business-docs/wiki/features/token-administration/flow.md	feature	token-administration	flow	stub	2026-08-29	Token administration — flow		0003-bearer-tokens-not-oauth-for-the-mvp,0012-only-the-token-hash-is-stored,audit-logging,authentication-index,divergences,security,token-administration-screens,token-administration-states,user-administration-index	business-docs/wiki/shared/mvp-spec.md:238
token-administration-index	business-docs/wiki/features/token-administration/index.md	feature	token-administration	index	stub	2026-08-29	Token administration	token-administration	0012-only-the-token-hash-is-stored,0018-token-identity-is-constrained-in-the-database,0022-oauth-alongside-bearer-tokens,audit-logging,authentication-index,authorization-index,divergences,mvp-spec,security,token-administration-api,token-administration-copy,token-administration-decisions,token-administration-errors,token-administration-flow,token-administration-related,token-administration-screens,token-administration-states,token-administration-validations,user-administration-index	business-docs/wiki/shared/mvp-spec.md:238
token-administration-related	business-docs/wiki/features/token-administration/related.md	feature	token-administration	related	stub	2026-08-29	Token administration — related		audit-logging,authentication-index,authorization-index,cellar-index,data-types,divergences,error-codes,glossary,mcp-protocol,preferences-index,recommendation-engine-index,reviews-index,security,token-administration-decisions,user-administration-index,wine-catalog-index	
token-administration-screens	business-docs/wiki/features/token-administration/screens.md	feature	token-administration	screens	stub	2026-08-29	Token administration — screens		mcp-protocol,token-administration-copy	business-docs/wiki/shared/mvp-spec.md:53
token-administration-states	business-docs/wiki/features/token-administration/states.md	feature	token-administration	states	stub	2026-08-29	Token administration — states		divergences,security	business-docs/wiki/shared/mvp-spec.md:74
token-administration-validations	business-docs/wiki/features/token-administration/validations.md	feature	token-administration	validations	stub	2026-08-29	Token administration — validations		0010-two-layer-permission-enforcement,0012-only-the-token-hash-is-stored,audit-logging,authorization-index,divergences,security	business-docs/wiki/shared/mvp-spec.md:238
user-administration-api	business-docs/wiki/features/user-administration/api.md	feature	user-administration	api	stub	2026-08-29	User administration — API		0002-no-openapi-for-an-mcp-surface,0012-only-the-token-hash-is-stored,audit-logging,divergences,error-codes,mcp-protocol,security,token-administration-index,user-administration-copy,user-administration-validations,wine-catalog-index	business-docs/wiki/shared/mvp-spec.md:219
user-administration-copy	business-docs/wiki/features/user-administration/copy.md	feature	user-administration	copy	stub	2026-08-29	User administration — copy		0011-a-missing-permission-is-a-type-error,0012-only-the-token-hash-is-stored,divergences,security,user-administration-screens	business-docs/wiki/shared/mvp-spec.md:153
user-administration-decisions	business-docs/wiki/features/user-administration/decisions.md	feature	user-administration	decisions	stub	2026-08-29	User administration — decisions		0002-no-openapi-for-an-mcp-surface,0003-bearer-tokens-not-oauth-for-the-mvp,0010-two-layer-permission-enforcement,0011-a-missing-permission-is-a-type-error,0012-only-the-token-hash-is-stored,0013-the-first-admin-is-seeded-by-script,0015-closed-enumerations-are-database-types,0017-deletion-is-a-status-and-email-is-unique-among-the-living,0020-bounds-are-enforced-in-the-database-too,audit-logging,security,user-administration-api,user-administration-validations	
user-administration-errors	business-docs/wiki/features/user-administration/errors.md	feature	user-administration	errors	stub	2026-08-29	User administration — errors		0015-closed-enumerations-are-database-types,0017-deletion-is-a-status-and-email-is-unique-among-the-living,audit-logging,authentication-index,authorization-index,divergences,error-codes,security,token-administration-index	business-docs/wiki/shared/mvp-spec.md:153,business-docs/wiki/shared/mvp-spec.md:230
user-administration-flow	business-docs/wiki/features/user-administration/flow.md	feature	user-administration	flow	stub	2026-08-29	User administration — flow		0003-bearer-tokens-not-oauth-for-the-mvp,0010-two-layer-permission-enforcement,0012-only-the-token-hash-is-stored,0013-the-first-admin-is-seeded-by-script,audit-logging,security,token-administration-index,user-administration-errors,user-administration-screens,user-administration-states	business-docs/wiki/shared/mvp-spec.md:219
user-administration-index	business-docs/wiki/features/user-administration/index.md	feature	user-administration	index	stub	2026-08-29	User administration	user-administration	0012-only-the-token-hash-is-stored,0013-the-first-admin-is-seeded-by-script,0015-closed-enumerations-are-database-types,0017-deletion-is-a-status-and-email-is-unique-among-the-living,authentication-index,authorization-index,divergences,mvp-spec,token-administration-index,user-administration-api,user-administration-copy,user-administration-decisions,user-administration-errors,user-administration-flow,user-administration-related,user-administration-screens,user-administration-states,user-administration-validations	business-docs/wiki/shared/mvp-spec.md:219
user-administration-related	business-docs/wiki/features/user-administration/related.md	feature	user-administration	related	stub	2026-08-29	User administration — related		audit-logging,authentication-index,authorization-index,cellar-index,data-types,divergences,error-codes,glossary,mcp-protocol,preferences-index,recommendation-engine-index,reviews-index,security,token-administration-index,wine-catalog-index	
user-administration-screens	business-docs/wiki/features/user-administration/screens.md	feature	user-administration	screens	stub	2026-08-29	User administration — screens		mcp-protocol,security,user-administration-api,user-administration-copy,user-administration-validations	business-docs/wiki/shared/mvp-spec.md:53
user-administration-states	business-docs/wiki/features/user-administration/states.md	feature	user-administration	states	stub	2026-08-29	User administration — states		0013-the-first-admin-is-seeded-by-script,0017-deletion-is-a-status-and-email-is-unique-among-the-living,authorization-index,mvp-spec,wine-catalog-index	business-docs/wiki/shared/mvp-spec.md:71,business-docs/wiki/shared/mvp-spec.md:229
user-administration-validations	business-docs/wiki/features/user-administration/validations.md	feature	user-administration	validations	stub	2026-08-29	User administration — validations		0010-two-layer-permission-enforcement,0013-the-first-admin-is-seeded-by-script,divergences,user-administration-states	business-docs/wiki/shared/mvp-spec.md:221,business-docs/wiki/shared/mvp-spec.md:230
wine-catalog-api	business-docs/wiki/features/wine-catalog/api.md	feature	wine-catalog	api	stub	2026-08-29	Wine catalogue — API		0002-no-openapi-for-an-mcp-surface,authorization-index,cellar-index,mcp-protocol,reviews-index,wine-catalog-errors,wine-catalog-states	business-docs/wiki/shared/mvp-spec.md:172,business-docs/wiki/shared/mvp-spec.md:132
wine-catalog-copy	business-docs/wiki/features/wine-catalog/copy.md	feature	wine-catalog	copy	stub	2026-08-29	Wine catalogue — copy		0007-upsert-fills-blanks-and-never-overwrites	business-docs/wiki/shared/mvp-spec.md:153,business-docs/wiki/shared/mvp-spec.md:180
wine-catalog-decisions	business-docs/wiki/features/wine-catalog/decisions.md	feature	wine-catalog	decisions	stub	2026-08-29	Wine catalogue — decisions		0001-the-wiki-is-the-source-of-truth,0002-no-openapi-for-an-mcp-surface,0006-missing-data-never-penalizes,0007-upsert-fills-blanks-and-never-overwrites,0008-wine-and-cellar-item-are-separate,0009-vision-happens-client-side,0010-two-layer-permission-enforcement,0015-closed-enumerations-are-database-types,0016-nv-is-a-value-in-the-wine-identity-key,0019-bottles-are-held-as-lots,0020-bounds-are-enforced-in-the-database-too,0021-wine-search-is-full-text-plus-trigram,cellar-index,divergences,mvp-spec,recommendation-engine-index,wine-catalog-api	
wine-catalog-errors	business-docs/wiki/features/wine-catalog/errors.md	feature	wine-catalog	errors	stub	2026-08-29	Wine catalogue — errors		0007-upsert-fills-blanks-and-never-overwrites,authentication-index,divergences,error-codes,token-administration-index	business-docs/wiki/shared/mvp-spec.md:153,business-docs/wiki/shared/mvp-spec.md:343
wine-catalog-flow	business-docs/wiki/features/wine-catalog/flow.md	feature	wine-catalog	flow	stub	2026-08-29	Wine catalogue — flow		0007-upsert-fills-blanks-and-never-overwrites,0009-vision-happens-client-side,authentication-index,authorization-index,cellar-index,mcp-protocol,mvp-spec	business-docs/wiki/shared/mvp-spec.md:25,business-docs/wiki/shared/mvp-spec.md:174
wine-catalog-index	business-docs/wiki/features/wine-catalog/index.md	feature	wine-catalog	index	stub	2026-08-29	Wine catalogue	wine-catalog	0007-upsert-fills-blanks-and-never-overwrites,0008-wine-and-cellar-item-are-separate,0016-nv-is-a-value-in-the-wine-identity-key,0020-bounds-are-enforced-in-the-database-too,0021-wine-search-is-full-text-plus-trigram,authentication-index,authorization-index,cellar-index,data-types,divergences,mvp-spec,recommendation-engine-index,reviews-index,wine-catalog-api,wine-catalog-copy,wine-catalog-decisions,wine-catalog-errors,wine-catalog-flow,wine-catalog-related,wine-catalog-screens,wine-catalog-states,wine-catalog-validations	business-docs/wiki/shared/mvp-spec.md:84,business-docs/wiki/shared/mvp-spec.md:172
wine-catalog-related	business-docs/wiki/features/wine-catalog/related.md	feature	wine-catalog	related	stub	2026-08-29	Wine catalogue — related		0006-missing-data-never-penalizes,0008-wine-and-cellar-item-are-separate,0011-a-missing-permission-is-a-type-error,audit-logging,authentication-index,authorization-index,cellar-index,data-types,divergences,error-codes,glossary,mcp-protocol,preferences-index,recommendation-engine-index,reviews-index,security,token-administration-index,user-administration-index	
wine-catalog-screens	business-docs/wiki/features/wine-catalog/screens.md	feature	wine-catalog	screens	stub	2026-08-29	Wine catalogue — screens		mcp-protocol,wine-catalog-api	business-docs/wiki/shared/mvp-spec.md:53
wine-catalog-states	business-docs/wiki/features/wine-catalog/states.md	feature	wine-catalog	states	stub	2026-08-29	Wine catalogue — states		0006-missing-data-never-penalizes,0007-upsert-fills-blanks-and-never-overwrites,data-types,glossary,mcp-protocol,reviews-index,wine-catalog-errors	business-docs/wiki/shared/mvp-spec.md:84,business-docs/wiki/shared/mvp-spec.md:98
wine-catalog-validations	business-docs/wiki/features/wine-catalog/validations.md	feature	wine-catalog	validations	stub	2026-08-29	Wine catalogue — validations		authentication-index,divergences,security	business-docs/wiki/shared/mvp-spec.md:105,business-docs/wiki/shared/mvp-spec.md:175
audit-logging	business-docs/wiki/shared/audit-logging.md	shared		audit-logging	stub	2026-08-29	Audit logging		security,token-administration-index,user-administration-index	business-docs/wiki/shared/mvp-spec.md:357
data-types	business-docs/wiki/shared/data-types.md	shared		data-types	stub	2026-08-29	Shared data types		0015-closed-enumerations-are-database-types,0016-nv-is-a-value-in-the-wine-identity-key,0020-bounds-are-enforced-in-the-database-too,authentication-index,authorization-index,cellar-index,preferences-index,recommendation-engine-index,user-administration-index,wine-catalog-index	business-docs/wiki/shared/mvp-spec.md:98
divergences	business-docs/wiki/shared/divergences.md	shared		divergences	stub	2026-08-29	Divergences		0005-every-point-of-score-maps-to-a-reason,0007-upsert-fills-blanks-and-never-overwrites,0011-a-missing-permission-is-a-type-error,0014-repurpose-this-repository,0015-closed-enumerations-are-database-types,0016-nv-is-a-value-in-the-wine-identity-key,0017-deletion-is-a-status-and-email-is-unique-among-the-living,0018-token-identity-is-constrained-in-the-database,0019-bottles-are-held-as-lots,0020-bounds-are-enforced-in-the-database-too,0021-wine-search-is-full-text-plus-trigram,0022-oauth-alongside-bearer-tokens,audit-logging,authentication-index,authorization-index,cellar-index,mvp-spec,preferences-index,recommendation-engine-index,reviews-index,token-administration-index,user-administration-index,wine-catalog-index	business-docs/wiki/shared/mvp-spec.md:235
error-codes	business-docs/wiki/shared/error-codes.md	shared		error-codes	stub	2026-08-29	Error catalogue		authorization-index,token-administration-index,user-administration-index	business-docs/wiki/shared/mvp-spec.md:153
glossary	business-docs/wiki/shared/glossary.md	shared		glossary	stub	2026-08-29	Glossary		authorization-index,cellar-index,divergences,glossary,preferences-index,recommendation-engine-index,token-administration-index,wine-catalog-index	business-docs/wiki/shared/mvp-spec.md:57
mcp-protocol	business-docs/wiki/shared/mcp-protocol.md	shared		mcp-protocol	stub	2026-08-29	MCP protocol conventions		0002-no-openapi-for-an-mcp-surface,security	business-docs/wiki/shared/mvp-spec.md:19
mvp-spec	business-docs/wiki/shared/mvp-spec.md	shared		mvp-spec	stub	2026-08-29	Wine Cellar MCP			business-docs/wiki/shared/mvp-spec.md:15
security	business-docs/wiki/shared/security.md	shared		security	stub	2026-08-29	Security		0021-wine-search-is-full-text-plus-trigram	business-docs/wiki/shared/mvp-spec.md:325
